,event_id
0,09005F631B1B8082
1,1C005F46B4253484
2,09005F42BA301ACB
3,1C005F6AAD522817
4,1C005F6AAD4D280D
5,09005F858F7C0E45
6,1C005F87BA552BDC
7,01005F85F0EE4EE1
8,0F005F74DB3B16C7
9,1C005F63F1F77E27
10,1C005F63F1FA7E2A
11,19005F7C1398368D
12,3A005F70FAF26F27
13,15005F7CB3C41DD1
14,07005F7691F41475
15,3C005F77ACE416CB
16,01005F74D3D03521
17,02005F75CDF43F24
18,11005F618F671485
19,0E005F6AB98B4B9A
20,0B005F62EF1C3B87
21,1C005F4B93151C84
22,0B005F6AD6811837
23,09005F5E0A034B16
24,09005F53ACC42001
25,15005F52AC051E14
26,09005F3DAF295699
27,3C005F7D8DF914CE
28,3A005F8892891B9E
29,01005F05D17278B5
30,02005F66CE194915
31,2D005F2F9D523E37
32,3A005F2FFA9D6B77
33,3C005F078E7809A1
34,08005F3DA89C201F
35,01005F42BB1F13CE
